,Country,Age,Salary
0,France,44.0,72000.0
1,Spain,27.0,48000.0
2,Germany,30.0,54000.0
3,Spain,38.0,61000.0
4,Germany,40.0,63777.77777777778
5,France,35.0,58000.0
6,Spain,38.77777777777778,52000.0
7,France,48.0,79000.0
8,Germany,50.0,83000.0
9,France,37.0,67000.0
